Hospital Name,Address
Vets Now Ashford,"Cinque Ports Veterinary Hospital, Ashford Road, Kingsnorth, Ashford, Kent, TN23 3EA"
Vets Now Bath,"Rosemary Lodge, Bath, BA2 5RL,"
Vets Now Barnet,"Wood Street Veterinary Hospital, 74 Wood Street, Barnet, Hertfordshire, EN5 4BW"
Vets Now Barton-le-clay,"c/o Boness Vets, 125 Bedford Road, Barton-Le-Clay, Bedfordshire, MK45 4LP"
Vets Now Birmingham,"PDSA Oldbury, St Matthews Road, Oldbury, B68 8AB"
Vets Now Bournemouth,"Station Road, Wimborne, Bournemouth, BH21 1RQ"
Vets Now Bradford,"1 Lorne Street, Bradford, BD4 7PS"
Vets Now Bristol,"32 - 34 Zetland Road, Redland, Bristol, BS6 7AB"
Vets Now Cheltenham,"Dragon Vets, Prestbury Park, New Barn Lane, Cheltenham, GL50 4SH,"
Vets Now Chesterfield,"55-59 Broadleys, Clay Cross, Derbyshire, S45 9JN"
Vets Now Colwyn Bay,"110 Abergele Road, Colwyn Bay, LL29 7PS"
Vets Now Coventry,"34 Barker Butts Lane, Coventry, CV6 1DT"
Vets Now Derby,"City Gate Business Park, City Gate, Derby, DE24 8WY"
Vets Now Doncaster,"Unit 2 Station Retail Park, Kirk Sandall, Doncaster, DN3 1SE"
Vets Now Eastbourne,"6 St. Annes Road, Eastbourne, East Sussex, BN21 2DJ"
Vets Now Farnham,"Hale Road, Farnham, GU9 9RB"
Vets Now Gateshead,"Stoneygate Lane, Felling, Gateshead, NE10 0LX"
Vets Now Gillingham,"Campus Way, Gillingham, ME8 0RR"
Vets Now Guildford,"Stocton Close, Woodbridge Road, Guildford, GU1 1HR"
Vets Now Hemel Hempstead,"Midland Road, Hemel Hempstead, HP2 5BH"
Vets Now Herne Bay,"Unit 1 The Links, Herne, Kent, CT6 7FE"
Vets Now High Wycombe,"54 West Wycombe Road, High Wycombe, HP11 2LP"
Vets Now Hull,"1-2 Park St, Hull, HU3 2JF"
Vets Now Kendal,"Riverside Business Park, Natland Road, Kendal, Cumbria, LA9 7SX"
Vets Now Kings Lynn,"20 Tennyson Avenue, King's Lynn, PE30 2QG"
Vets Now Lincoln,"Hykeham Green, North Hykeham, LN6 8NH"
Vets Now Liverpool,"Woolfall Heath Ave, Liverpool, L36 3YD"
Vets Now Macclesfield,"38 Cumberland Street, Macclesfield, SK10 1DD"
Vets Now Manchester,"98 Bury Old Rd, Whitefield, Manchester, M45 6TQ"
Vets Now Manningtree,"Factory Ln, Cattawade, Manningtree, CO11 1QL,"
Vets Now Middlesbrough,"Preston Farm Surgery, Sopwith Close, Preston Farm Industrial Estate, Stockton-On-Tees, TS18 3TT"
Vets Now Milton Keynes,"Fyfield Barrow, Milton Keynes, United Kingdom, MK7 7AN"
Vets Now Newport,"Langstone Business Village, Langstone, Newport, NP18 2LH"
Vets Now Northampton,"Gate 3, The Holcot Centre Moulton College, Pitsford Road, Moulton, Northampton, NN3 7SS"
Vets Now Nottingham,"581 Radford Road, Nottingham, NG7 7EB"
Vets Now Peterborough,"Pengelly & Mizen, 89 - 93 Park Road, Peterborough, Cambridgeshire, PE1 2TR"
Vets Now Portsmouth,"Unit 1 Southdown View, Military Road, Hilsea, PO3 5FS"
Vets Now Preston,"Myerscough House, Longsight Road, Clayton Le Dale, Blackburn, BB2 7JA"
Vets Now Reading,"Castle Veterinary Surgery, 1 Tilehurst Road, Reading, RG1 7TW"
Vets Now Salisbury,"49 Endless Street, Salisbury, SP1 3UH"
Vets Now Sheffield,"14 Newhall Road, Sheffield, S9 2QL"
Vets Now Southampton,"64 West End Road, Southampton, SO18 6TG"
Vets Now Staines,"Willett House, 138 Kingston Rd, Staines Upon Thames, TW18 1BL"
Vets Now Stoke,"Lysander Road, Meir Park, Stoke-on-Trent, Staffordshire, ST3 7WD"
Vets Now Sutton,"Inside Maven Veterinary Care, 609-613 London Road, North Cheam, SM3 9DF"
Vets Now Telford,"Unit 9, Hadley Centre, Hadley, Telford, TF1 5GQ"
Vets Now Sidcup,"Park Vets, 53 – 55 Maidstone Road, Foots Cray, Kent, DA14 5HB"
Vets Now Tunbridge Wells,"11 Culverden Park Road, Tunbridge Wells, TN4 9RD"
Vets Now Winchester,"c/o Cedar Veterinary Group, The Dean, Alresford, Hants, S024 9BH"
Vets Now Witham,"Spring Lodge Farm, Powershall End, Witham, CM8 2HG"
Vets Now Wolverhampton,"St Georges Hospital, 8 St Georges Parade, Wolverhampton, WV2 1BD"
Vets Now Worcester,"Berkeley House, Berkeley Way, Warndon Villages, Worcester, WR4 9UP"
Vets Now Worthing,"18 Upper Brighton Road, Worthing, West Sussex, BN14 9DL"
"Vets Now Aberdeen,","Skene Road, Aberdeen, AB15 8PJ"
Vets Now Dundee,"Parkside Veterinary Group, 5 King's Cross Road, Dundee, DD2 3PT"
Vets Now Edinburgh,"2B Hutchison Crossway, Edinburgh, EH14 1RR"
Vets Now Glasgow,"123-145 North Street, Glasgow, G3 7DA"
Vets Now Kilmarnock,"21 Hill Street, Kilmarnock, KA3 1HA"
Vets Now Kirkcaldy,"St Clair Veterinary Group, Pottery Street, Kirkcaldy, KY1 3ET"
Vets Now Swansea,"Copper Court, Llansamlet, Swansea, SA7 9EH"
Vets Now Wrexham,"Rhyd Broughton Vet Gp Ltd, Gatewen Road, Wrexham, LL11 6YA"
Vets Now Belfast,"193 Belmont Road, Belfast, BT4 2AE"
